Classifier,Gen Score,Test Score
KNN,0.864,0.8408000000000001
SVM,0.8624,0.8360000000000001
Naive Bayes,0.8792,0.8535999999999999
Decision Tree,0.9128,0.8816
Logistic Regression,0.8848,0.8656
Random Forest,0.9376,0.9199999999999999
AdaBoost,0.7904,0.6264
MLP,0.9376,0.9183999999999999
XGBoost,0.9456,0.9351999999999998
XGBoost RF,0.9424,0.9328
